jpy,eur,gbp,cad,aud,rmb,petitions,naturalized_total,naturalized_civilian,naturalized_military,naturalized_np,denied,paid_employees,season,annual,total_establishment,size_1_4,size_5_9,size_10_19,size_20_49,size_50_99,size_100_249,size_250_499,size_500_900,size_1000
4.3858160373078379,1.1162953311635477,0.060865744213424798,0.20843379774931653,0.34635666193078773,0.053253022404615692,905081.13052628457,291281.56289679249,221299.71429172953,14418.367813169649,279697.08785587642,691277.31494566321,1147390.24727857,190991311.2745268,608775607.86203289,84759.26355459138,57470.449203472672,7203.5752077875823,12598.54178256032,8678.2404312481922,3089.7627630981888,1297.8725666920159,265.37695857208047,123.08277762656503,55.888856356502899
